mot,n_sens_manuel,score_gold
patron,5,0.0
bouton,5,0.0
feuille,5,0.0
coup,12,1.0
cœur,6,0.14285714285714285
maison,5,0.0
vague,7,0.2857142857142857
rayon,7,0.2857142857142857
verre,5,0.0
lettre,6,0.14285714285714285
mousse,5,0.0
corps,8,0.42857142857142855
carte,8,0.42857142857142855
ordre,9,0.5714285714285714
temps,8,0.42857142857142855
classe,7,0.2857142857142857
feu,8,0.42857142857142855
